<levels start="1">
	<act name="lvl.act1">
		<level id="1" res="levels/main.xml" name="lvl.floor?floor=1" />
		<level id="2" res="levels/queen.xml" name="lvl.floor?floor=2" />
		<level id="3" res="levels/skeleton.xml" name="lvl.floor?floor=3" />
		<level id="4" res="levels/lich.xml" name="lvl.floor?floor=4" />
		<level id="5" res="levels/dragon.xml" name="lvl.floor?floor=5" />
		<level id="6" res="levels/queen2.xml" name="lvl.floor?floor=6" />
		<level id="7" res="levels/skeleton2.xml" name="lvl.floor?floor=7" />
		<level id="8" res="levels/lich2.xml" name="lvl.floor?floor=8" />
		<level id="9" res="levels/dragon2.xml" name="lvl.floor?floor=9" />
	</act>
</levels>